case_id	effect	position_HGVS	Domain	protein_change	severity
15	Missense	1	Signal Peptide	p.(Met1Val)	Severe
18	Missense	1	Signal Peptide	p.(Met1Arg)	Severe
20	Missense	1	Signal Peptide	p.(Met1Ile)	Severe
9220	Missense	13	Signal Peptide	p.(Leu13Arg)	Severe
8401	Missense	13	Signal Peptide	p.(Leu13Pro)	Severe
36	Missense	19	Signal Peptide	p.(Ser19Arg)	Severe
9222	Missense	22	A1	p.(Arg22Gly)	Severe
40	Missense	22	A1	p.(Arg22Ile)	Mild
39	Missense	22	A1	p.(Arg22Thr)	Severe
37	Missense	23	A1	p.(Arg23Gly)	Mild
9791	Missense	24	A1	p.(Tyr24Asp)	Severe
8811	Nonsense	24	A1	p.(Tyr24*)	Severe
10246	Missense	25	A1 	p.(Tyr25Gln )	Moderate
59	Missense	25	A1	p.(Tyr25Cys)	Mild
60	Missense	26	A1	p.(Leu26Arg)	Severe
5241	Missense	26	A1	p.(Leu26Pro)	Severe
10346	Missense	28	A1	p.(Ala28Lys)	Moderate
63	Missense	29	A1	p.(Val29Gly)	Severe
65	Missense	30	A1	p.(Glu30Val)	Mild
8403	Missense	31	A1	p.(Leu31Pro)	Moderate
67	Nonsense	33	A1	p.(Trp33*)	Severe
8404	Missense	34	A1	p.(Asp34Val)	Mild
9223	Missense	34	A1	p.(Asp34Glu)	Mild
10553	Missense	35	A1	p.(Tyr35Asn)	Severe
68	Missense	35	A1	p.(Tyr35His)	Severe
96	Nonsense	62	A1	p.(Ser62*)	Severe
97	Missense	64	A1	p.(Val64Met)	Mild
98	Nonsense	65	A1	p.(Tyr65*)	Severe
8405	Missense	66	A1	p.(Lys66Glu)	Mild
8812	Nonsense	67	A1	p.(Lys67*)	Severe
100	Missense	67	A1	p.(Lys67Glu)	Severe
103	Missense	67	A1	p.(Lys67Thr)	Severe
105	Missense	67	A1	p.(Lys67Asn)	Severe
110	Missense	68	A1	p.(Thr68Ala)	Severe
108	Missense	68	A1	p.(Thr68Pro)	Severe
112	Missense	68	A1	p.(Thr68Asn)	Moderate
10347	Missense	68	A1	p.(Thr68Ile)	Severe
9049	Missense	69	A1	p.(Leu69Val)	Severe
135	Missense	69	A1	p.(Leu69Pro)	Severe
145	Missense	70	A1	p.(Phe70Ser)	Severe
8813	Nonsense	72	A1	p.(Glu72*)	Severe
9228	Missense	72	A1	p.(Glu72Gln)	Mild
146	Missense	72	A1	p.(Glu72Lys)	Moderate
148	Missense	73	A1	p.(Phe73Leu)	Severe
149	Missense	75	A1	p.(Asp75Tyr)	Severe
8406	Missense	75	A1	p.(Asp75Gly)	Mild
8119	Missense	75	A1	p.(Asp75Val)	Severe
151	Missense	75	A1	p.(Asp75Glu)	Moderate
152	Missense	77	A1	p.(Leu77Pro)	Severe
8407	Missense	81	A1	p.(Ala81Ser)	Mild
153	Missense	81	A1	p.(Ala81Asp)	Mild
6035	Missense	83	A1	p.(Pro83Arg)	Mild
158	Missense	84	A1	p.(Arg84Gly)	Moderate
8814	Nonsense	87	A1	p.(Trp87*)	Severe
8412	Missense	88	A1	p.(Met88Val)	Severe
9967	Missense	89	A1	p.(Gly89Ala )	Severe
8413	Missense	90	A1	p.(Leu90Arg)	Severe
172	Missense	90	A1	p.(Leu90Pro)	Severe
8414	Missense	92	A1	p.(Gly92Cys)	Severe
6046	Missense	92	A1	p.(Gly92Ser)	Moderate
175	Missense	92	A1	p.(Gly92Ala)	Mild
9229	Missense	92	A1	p.(Gly92Asp)	Severe
177	Missense	93	A1	p.(Pro93Ser)	Moderate
5242	Missense	93	A1	p.(Pro93Leu)	Severe
10348	Missense	94	A1	p.(Thr94Ala)	Mild
180	Missense	94	A1	p.(Thr94Ser)	Mild
9230	Missense	95	A1	p.(Ile95Val)	Mild
181	Missense	95	A1	p.(Ile95Asn)	Severe
183	Missense	95	A1	p.(Ile95Ser)	Mild
182	Missense	95	A1	p.(Ile95Thr)	Severe
10373	Nonsense	96	A1	p.(Gln96*)	Severe
185	Missense	97	A1	p.(Ala97Pro)	Severe
188	Missense	98	A1	p.(Glu98Val)	Moderate
10554	Missense	99	A1	p.(Val99Phe)	Severe
9971	Nonsense	100	A1	p.(Tyr100*)	Severe
191	Missense	101	A1	p.(Asp101His)	Severe
192	Missense	101	A1	p.(Asp101Gly)	Severe
193	Missense	101	A1	p.(Asp101Val)	Severe
9937	Missense	104	A1	p.(Val104Ala)	Mild
200	Missense	107	A1	p.(Leu107Phe)	Mild
202	Nonsense	108	A1	p.(Lys108*)	Severe
203	Missense	108	A1	p.(Lys108Thr)	Mild
8422	Missense	109	A1	p.(Asn109Asp)	Severe
8423	Missense	110	A1	p.(Met110Ile)	Mild
8424	Missense	111	A1	p.(Ala111Pro)	Severe
8425	Missense	111	A1	p.(Ala111Ser)	Moderate
8426	Missense	111	A1	p.(Ala111Gly)	Mild
211	Missense	111	A1	p.(Ala111Val)	Moderate
8427	Missense	112	A1	p.(Ser112Phe)	Mild
217	Missense	113	A1	p.(His113Arg)	Mild
218	Missense	113	A1	p.(His113Gln)	Moderate
9231	Missense	114	A1	p.(Pro114Leu)	Moderate
9024	Missense	115	A1	p.(Val115Leu)	Severe
221	Missense	115	A1	p.(Val115Ala)	Moderate
9232	Missense	115	A1	p.(Val115Gly)	Moderate
8430	Missense	116	A1	p.(Ser116Ile)	Severe
223	Missense	116	A1	p.(Ser116Arg)	Severe
225	Missense	117	A1	p.(Leu117Phe)	Mild
226	Missense	117	A1	p.(Leu117Arg)	Severe
9233	Missense	117	A1	p.(Leu117Pro)	Severe
6077	Missense	120	A1	p.(Val120Ala)	Mild
231	Missense	120	A1	p.(Val120Asp)	Mild
238	Missense	121	A1	p.(Gly121Cys)	Moderate
234	Missense	121	A1	p.(Gly121Ser)	Moderate
239	Missense	121	A1	p.(Gly121Ala)	Severe
242	Missense	123	A1	p.(Ser123Pro)	Moderate
9234	Missense	123	A1	p.(Ser123Cys)	Severe
8815	Nonsense	124	A1	p.(Tyr124*)	Severe
243	Missense	126	A1	p.(Lys126Thr)	Severe
5308	Missense	129	A1	p.(Glu129Lys)	Severe
244	Missense	129	A1	p.(Glu129Val)	Severe
8431	Missense	129	A1	p.(Glu129Asp)	Severe
8817	Nonsense	132	A1	p.(Glu132*)	Severe
261	Missense	132	A1	p.(Glu132Ala)	Mild
8432	Missense	133	A1	p.(Tyr133His)	Severe
276	Missense	135	A1	p.(Asp135Asn)	Severe
279	Missense	135	A1	p.(Asp135Gly)	Severe
280	Missense	135	A1	p.(Asp135Glu)	Severe
281	Nonsense	136	A1	p.(Gln136*)	Severe
283	Missense	136	A1	p.(Gln136Pro)	Severe
284	Missense	137	A1	p.(Thr137Pro)	Severe
295	Missense	138	A1	p.(Ser138Arg)	Mild
303	Nonsense	141	A1	p.(Glu141*)	Severe
302	Missense	141	A1	p.(Glu141Gln)	Mild
301	Missense	141	A1	p.(Glu141Lys)	Severe
306	Missense	144	A1	p.(Asp144Tyr)	Moderate
308	Missense	145	A1	p.(Asp145His)	Moderate
9792	Missense	145	A1	p.(Asp145Tyr)	Severe
9235	Nonsense	146	A1	p.(Lys146*)	Severe
310	Missense	146	A1	p.(Lys146Glu)	Mild
8433	Missense	147	A1	p.(Val147Phe)	Severe
312	Missense	147	A1	p.(Val147Asp)	Severe
9120	Missense	149	A1	p.(Pro149Arg)	Mild
319	Missense	154	A1	p.(Thr154Ala)	Mild
315	Missense	154	A1	p.(Thr154Pro)	Mild
10247	Missense	155	A1 	p.(Tyr155Asn)	Severe
321	Missense	155	A1	p.(Tyr155His)	Moderate
10349	Missense	155	A1	p.(Tyr155Cys)	Severe
8818	Nonsense	157	A1	p.(Trp157*)	Severe
8435	Missense	157	A1	p.(Trp157Cys)	Severe
324	Nonsense	158	A1	p.(Gln158*)	Severe
325	Missense	159	A1	p.(Val159Ala)	Moderate
326	Missense	162	A1	p.(Glu162Lys)	Mild
327	Missense	163	A1	p.(Asn163Lys)	Moderate
328	Missense	164	A1	p.(Gly164Ser)	Mild
332	Missense	164	A1	p.(Gly164Val)	Mild
333	Missense	165	A1	p.(Pro165Ser)	Severe
5309	Missense	166	A1	p.(Met166Val)	Mild
336	Missense	166	A1	p.(Met166Ile)	Mild
8439	Missense	169	A1	p.(Asp169Asn)	Mild
337	Missense	170	A1	p.(Pro170Ser)	Mild
339	Missense	172	A1	p.(Cys172Arg)	Severe
340	Missense	172	A1	p.(Cys172Tyr)	Severe
8819	Nonsense	172	A1	p.(Cys172*)	Severe
345	Missense	172	A1	p.(Cys172Trp)	Severe
346	Missense	173	A1	p.(Leu173Phe)	Mild
10555	Missense	173	A1	p.(Leu173Val)	Mild
9236	Missense	173	A1	p.(Leu173Arg)	Mild
348	Missense	174	A1	p.(Thr174Ala)	Mild
10099	Missense	174	A1	p.(Thr174Asn)	Severe
351	Missense	175	A1	p.(Tyr175Ser)	Mild
352	Nonsense	175	A1	p.(Tyr175*)	Severe
355	Missense	176	A1	p.(Ser176Pro)	Mild
357	Missense	177	A1	p.(Tyr177Cys)	Severe
358	Missense	178	A1	p.(Leu178Val)	Severe
8444	Missense	179	A1	p.(Ser179Phe)	Severe
360	Missense	180	A1	p.(His180Tyr)	Mild
414	Missense	181	A1	p.(Val181Glu)	Mild
418	Missense	182	A1	p.(Asp182Val)	Moderate
419	Missense	185	A1	p.(Lys185Glu)	Moderate
420	Missense	185	A1	p.(Lys185Thr)	Mild
421	Missense	185	A1	p.(Lys185Asn)	Mild
8454	Missense	186	A1	p.(Asp186His)	Severe
427	Missense	186	A1	p.(Asp186Gly)	Moderate
428	Missense	186	A1	p.(Asp186Glu)	Mild
429	Nonsense	187	A1	p.(Leu187*)	Severe
8455	Missense	187	A1	p.(Leu187Ser)	Mild
10556	Missense	188	A1	p.(Asn188Tyr)	Severe
8456	Missense	188	A1	p.(Asn188Lys)	Severe
430	Nonsense	189	A1	p.(Ser189*)	Severe
431	Missense	189	A1	p.(Ser189Leu)	Moderate
441	Missense	193	A1	p.(Gly193Arg)	Severe
9793	Missense	194	A1	p.(Ala194Thr)	Mild
9237	Missense	195	A1	p.(Leu195Arg)	Severe
8459	Missense	195	A1	p.(Leu195Pro)	Severe
8461	Missense	197	A1	p.(Val197Ala)	Moderate
452	Nonsense	199	A1	p.(Arg199*)	Severe
5311	Missense	200	A1	p.(Glu200Gly)	Mild
468	Missense	202	A1	p.(Ser202Asn)	Mild
9794	Missense	203	A1	p.(Leu203Arg)	Moderate
8464	Missense	203	A1	p.(Leu203Pro)	Severe
472	Nonsense	209	A1	p.(Gln209*)	Severe
475	Missense	214	A1	p.(Phe214Val)	Mild
476	Missense	215	A1	p.(Ile215Met)	Mild
9050	Missense	216	A1	p.(Leu216Gln)	Moderate
8465	Missense	217	A1	p.(Leu217Phe)	Mild
479	Missense	217	A1	p.(Leu217Arg)	Severe
478	Missense	217	A1	p.(Leu217His)	Moderate
9239	Missense	217	A1	p.(Leu217Pro)	Severe
8466	Missense	218	A1	p.(Phe218Ser)	Severe
10100	Missense	219	A1	p.(Ala219Pro)	Severe
494	Missense	219	A1	p.(Ala219Thr)	Mild
495	Missense	219	A1	p.(Ala219Asp)	Severe
9795	Missense	220	A1	p.(Val220Leu)	Mild
498	Missense	220	A1	p.(Val220Gly)	Mild
8468	Missense	222	A1	p.(Asp222Ala)	Moderate
9831	Nonsense	223	A1	p.(Glu223*)	Severe
503	Missense	223	A1	p.(Glu223Lys)	Severe
504	Missense	223	A1	p.(Glu223Asp)	Mild
517	Missense	224	A1	p.(Gly224Trp)	Moderate
527	Missense	226	A1	p.(Ser226Cys)	Severe
528	Missense	226	A1	p.(Ser226Ile)	Severe
530	Missense	227	A1	p.(Trp227Gly)	Severe
8472	Missense	228	A1	p.(His228Leu)	Moderate
539	Missense	229	A1	p.(Ser229Pro)	Mild
9240	Nonsense	229	A1	p.(Ser229*)	Severe
8473	Missense	234	A1	p.(Ser234Cys)	Mild
542	Nonsense	237	A1	p.(Gln237*)	Severe
8474	Missense	243	A1	p.(Ser243Cys)	Mild
10248	Missense	245	A1 	p.(Arg245Trp )	Mild
545	Nonsense	247	A1	p.(Trp247*)	Severe
9796	Missense	250	A1	p.(Met250Arg)	Mild
546	Missense	251	A1	p.(His251Asp)	Mild
550	Missense	252	A1	p.(Thr252Lys)	Severe
561	Missense	253	A1	p.(Val253Phe)	Severe
5315	Missense	253	A1	p.(Val253Ala)	Moderate
10557	Missense	253	A1	p.(Val253Asp)	Severe
9242	Missense	253	A1	p.(Val253Gly)	Severe
566	Missense	254	A1	p.(Asn254Asp)	Severe
569	Missense	254	A1	p.(Asn254Tyr)	Severe
571	Missense	254	A1	p.(Asn254Ile)	Severe
570	Missense	254	A1	p.(Asn254Ser)	Severe
10102	Missense	254	A1	p.(Asn254Thr)	Severe
9243	Missense	255	A1	p.(Gly255Cys)	Severe
578	Missense	255	A1	p.(Gly255Asp)	Severe
582	Missense	255	A1	p.(Gly255Val)	Severe
8478	Missense	256	A1	p.(Tyr256Asn)	Mild
8821	Nonsense	256	A1	p.(Tyr256*)	Severe
10249	Missense	259	A1 	p.(Arg259Gly )	Mild
584	Missense	259	A1	p.(Arg259Trp)	Severe
585	Missense	259	A1	p.(Arg259Thr)	Mild
8481	Missense	259	A1	p.(Arg259Ser)	Mild
586	Missense	260	A1	p.(Ser260Cys)	Severe
9863	Missense	261	A1	p.(Leu261Pro)	Moderate
610	Missense	263	A1	p.(Gly263Arg)	Severe
8484	Missense	263	A1	p.(Gly263Cys)	Severe
616	Missense	263	A1	p.(Gly263Asp)	Mild
10558	Missense	264	A1	p.(Leu264Arg)	Severe
617	Nonsense	266	A1	p.(Gly266*)	Severe
8485	Missense	267	A1	p.(Cys267Phe)	Moderate
621	Missense	267	A1	p.(Cys267Tyr)	Moderate
10350	Missense	269	A1	p.(Arg269Trp)	Mild
8486	Missense	273	A1	p.(Tyr273Cys)	Mild
622	Missense	274	A1	p.(Trp274Arg)	Severe
8487	Missense	275	A1	p.(His275Asn)	Mild
632	Missense	275	A1	p.(His275Arg)	Severe
633	Missense	275	A1	p.(His275Leu)	Mild
634	Missense	276	A1	p.(Val276Met)	Mild
635	Missense	277	A1	p.(Ile277Val)	Mild
10250	Missense	277	A1 	p.(Ile277Ser )	Severe
637	Missense	278	A1	p.(Gly278Arg)	Severe
5317	Missense	279	A1	p.(Met279Lys)	Severe
638	Missense	280	A1	p.(Gly280Arg)	Mild
9880	Missense	280	A1	p.(Gly280Asp)	Mild
8488	Missense	280	A1	p.(Gly280Val)	Moderate
639	Missense	281	A1	p.(Thr281Pro)	Mild
640	Missense	281	A1	p.(Thr281Asn)	Mild
645	Missense	281	A1	p.(Thr281Ile)	Mild
10688	Missense	283	A1	p.(Pro283Leu )	Mild
648	Nonsense	284	A1	p.(Glu284*)	Severe
647	Missense	284	A1	p.(Glu284Lys)	Moderate
8489	Missense	285	A1	p.(Val285Met)	Mild
653	Missense	285	A1	p.(Val285Gly)	Mild
8492	Missense	286	A1	p.(His286Tyr)	Moderate
8493	Missense	286	A1	p.(His286Arg)	Severe
8498	Nonsense	287	A1	p.(Ser287*)	Severe
10559	Missense	288	A1	p.(Ile288Thr)	Severe
8499	Missense	290	A1	p.(Leu290Pro)	Severe
660	Nonsense	291	A1	p.(Glu291*)	Severe
661	Missense	291	A1	p.(Glu291Gly)	Moderate
9798	Missense	292	A1	p.(Gly292Val)	Severe
691	Missense	293	A1	p.(His293Leu)	Mild
8502	Missense	294	A1	p.(Thr294Arg)	Mild
9799	Missense	295	A1	p.(Phe295Ile)	Severe
698	Missense	296	A1	p.(Leu296Phe)	Severe
9125	Missense	297	A1	p.(Val297Met)	Mild
700	Missense	297	A1	p.(Val297Ala)	Mild
9800	Missense	297	A1	p.(Val297Gly)	Severe
701	Missense	299	A1	p.(Asn299Ile)	Mild
10690	Missense	300	A1	p.(His300Asn)	Mild
703	Missense	300	A1	p.(His300Leu)	Severe
702	Missense	300	A1	p.(His300Pro)	Severe
9051	Missense	301	A1	p.(Arg301Ser)	Moderate
745	Missense	301	A1	p.(Arg301Pro)	Moderate
761	Missense	303	A1	p.(Ala303Pro)	Mild
755	Missense	303	A1	p.(Ala303Glu)	Mild
758	Missense	304	A1	p.(Ser304Pro)	Mild
8503	Missense	305	A1	p.(Leu305Ser)	Severe
8504	Missense	307	A1	p.(Ile307Thr)	Mild
805	Missense	314	A1	p.(Thr314Ile)	Moderate
810	Missense	315	A1	p.(Ala315Val)	Mild
8505	Missense	321	A1	p.(Asp321Val)	Mild
820	Missense	323	A1	p.(Gly323Arg)	Severe
822	Missense	323	A1	p.(Gly323Glu)	Severe
10586	Nonsense	324	A1	p.(Gln324*)	Severe
9802	Missense	324	A1	p.(Gln324Pro)	Mild
8506	Missense	325	A1	p.(Phe325Ser)	Moderate
829	Missense	327	A1	p.(Leu327Val)	Mild
9244	Missense	327	A1	p.(Leu327Arg)	Severe
8507	Missense	327	A1	p.(Leu327Gln)	Severe
833	Missense	327	A1	p.(Leu327Pro)	Severe
834	Missense	328	A1	p.(Phe328Leu)	Mild
9088	Missense	329	A1	p.(Cys329Ser)	Moderate
842	Missense	329	A1	p.(Cys329Phe)	Severe
840	Missense	329	A1	p.(Cys329Tyr)	Severe
8509	Missense	331	A1	p.(Ile331Phe)	Mild
847	Missense	331	A1	p.(Ile331Thr)	Mild
851	Nonsense	335	A1	p.(Gln335*)	Severe
855	Missense	337	A1	p.(Asp337Tyr)	Mild
8510	Missense	338	A1	p.(Gly338Val)	Mild
9649	Missense	339	A1	p.(Met339Thr)	Severe
10351	Missense	339	A1	p.(Met339Ile)	Moderate
865	Missense	340	A1	p.(Glu340Lys)	Mild
867	Missense	340	A1	p.(Glu340Asp)	Mild
871	Nonsense	342	A1	p.(Tyr342*)	Severe
873	Nonsense	344	A1	p.(Lys344*)	Severe
9245	Missense	344	A1	p.(Lys344Gln)	Mild
878	Missense	348	A1	p.(Cys348Arg)	Severe
8824	Nonsense	350	A1	p.(Glu350*)	Severe
10587	Nonsense	353	A1	p.(Gln353*)	Severe
917	Missense	364	a1	p.(Asp364Asn)	Moderate
918	Missense	365	a1	p.(Tyr365His)	Mild
8825	Nonsense	365	a1	p.(Tyr365*)	Severe
8511	Missense	366	a1	p.(Asp366Asn)	Mild
966	Missense	376	a1	p.(Val376Gly)	Mild
9026	Missense	380	a1	p.(Asp380Gly)	Severe
967	Missense	388	a1	p.(Ile388Thr)	Mild
10588	Nonsense	389	A1	p.(Gln389*)	Severe
9803	Missense	390	a1	p.(Ile390Thr)	Mild
1012	Missense	391	a1	p.(Arg391Pro)	Severe
1014	Missense	392	a1	p.(Ser392Pro)	Mild
1015	Nonsense	392	a1	p.(Ser392*)	Severe
9881	Missense	394	A2	p.(Ala394Ser)	Mild
8512	Missense	395	A2	p.(Lys395Glu)	Moderate
1019	Missense	395	A2	p.(Lys395Arg)	Mild
1021	Missense	396	A2	p.(Lys396Met)	Severe
1024	Missense	399	A2	p.(Lys399Glu)	Mild
8513	Missense	401	A2	p.(Trp401Arg)	Mild
1028	Missense	401	A2	p.(Trp401Gly)	Mild
1029	Nonsense	401	A2	p.(Trp401*)	Severe
9246	Missense	401	A2	p.(Trp401Ser)	Mild
1031	Missense	403	A2	p.(His403Asp)	Severe
10560	Missense	403	A2	p.(His403Leu)	Mild
10561	Missense	404	A2	p.(Tyr404Asp)	Severe
1034	Missense	405	A2	p.(Ile405Ser)	Severe
8518	Missense	409	A2	p.(Glu409Asp)	Mild
1040	Missense	411	A2	p.(Asp411Gly)	Mild
1042	Missense	412	A2	p.(Trp412Arg)	Severe
1044	Missense	412	A2	p.(Trp412Gly)	Severe
9805	Missense	413	A2	p.(Asp413His)	Mild
9052	Missense	413	A2	p.(Asp413Tyr)	Moderate
1047	Missense	414	A2	p.(Tyr414Cys)	Severe
10589	Nonsense	417	A1	p.(Leu417*)	Severe
1059	Missense	422	A2	p.(Asp422His)	Severe
1063	Missense	424	A2	p.(Arg424Ser)	Severe
9027	Missense	427	A2	p.(Lys427Glu)	Severe
1064	Missense	427	A2	p.(Lys427Ile)	Mild
1077	Missense	434	A2	p.(Gly434Asp)	Severe
8827	Nonsense	436	A2	p.(Gln436*)	Severe
1078	Missense	437	A2	p.(Arg437Trp)	Mild
8521	Missense	437	A2	p.(Arg437Gln)	Mild
1080	Missense	437	A2	p.(Arg437Pro)	Severe
1084	Missense	438	A2	p.(Ile438Thr)	Mild
9247	Missense	439	A2	p.(Gly439Cys)	Severe
1085	Missense	439	A2	p.(Gly439Ser)	Moderate
9248	Missense	439	A2	p.(Gly439Ala)	Moderate
1096	Missense	442	A2	p.(Tyr442Asn)	Severe
1098	Missense	442	A2	p.(Tyr442Cys)	Severe
1105	Missense	444	A2	p.(Lys444Arg)	Severe
1104	Missense	444	A2	p.(Lys444Thr)	Severe
1107	Missense	444	A2	p.(Lys444Asn)	Severe
9806	Missense	446	A2	p.(Arg446Gly)	Mild
1138	Missense	446	A2	p.(Arg446Gln)	Severe
1139	Missense	446	A2	p.(Arg446Pro)	Severe
10563	Missense	447	A2	p.(Phe447Ser)	Severe
1143	Missense	450	A2	p.(Tyr450Asp)	Severe
1144	Missense	450	A2	p.(Tyr450Cys)	Mild
1149	Nonsense	453	A2	p.(Glu453*)	Severe
1150	Missense	454	A2	p.(Thr454Ile)	Mild
9249	Missense	455	A2	p.(Phe455Ser)	Severe
1154	Missense	458	A2	p.(Arg458Cys)	Mild
9028	Missense	458	A2	p.(Arg458His)	Severe
8828	Nonsense	462	A2	p.(Gln462*)	Severe
1157	Nonsense	464	A2	p.(Glu464*)	Severe
1158	Nonsense	465	A2	p.(Ser465*)	Severe
10352	Missense	466	A2	p.(Gly466Ala)	Moderate
1160	Missense	467	A2	p.(Ile467Ser)	Severe
1161	Missense	469	A2	p.(Gly469Ala)	Moderate
10103	Missense	469	A2	p.(Gly469Glu)	Severe
8524	Missense	470	A2	p.(Pro470Ser)	Mild
9252	Missense	472	A2	p.(Leu472His)	Moderate
5318	Nonsense	473	A2	p.(Tyr473*)	Severe
1180	Missense	474	A2	p.(Gly474Trp)	Severe
1183	Missense	474	A2	p.(Gly474Glu)	Severe
9882	Missense	474	A2	p.(Gly474Val)	Mild
8525	Missense	475	A2	p.(Glu475Gln)	Mild
1193	Missense	478	A2	p.(Asp478Asn)	Severe
1194	Missense	478	A2	p.(Asp478Ala)	Mild
8526	Missense	478	A2	p.(Asp478Gly)	Mild
9807	Missense	478	A2	p.(Asp478Glu)	Mild
8527	Missense	480	A2	p.(Leu480Pro)	Moderate
1219	Missense	482	A2	p.(Ile482Phe)	Severe
1220	Missense	482	A2	p.(Ile482Ser)	Severe
1222	Missense	484	A2	p.(Phe484Cys)	Moderate
8830	Nonsense	485	A2	p.(Lys485*)	Severe
1223	Missense	485	A2	p.(Lys485Thr)	Mild
1225	Missense	486	A2	p.(Asn486Ser)	Moderate
8831	Nonsense	487	A2	p.(Gln487*)	Severe
1228	Missense	488	A2	p.(Ala488Pro)	Severe
1231	Missense	488	A2	p.(Ala488Gly)	Moderate
1232	Missense	488	A2	p.(Ala488Val)	Moderate
9968	Missense	489	A2	p.(Ser489Asn )	Moderate
1236	Missense	490	A2	p.(Arg490Gly)	Mild
10564	Missense	490	A2	p.(Arg490Ser)	Moderate
1245	Missense	493	A2	p.(Asn493Asp)	Moderate
1249	Missense	494	A2	p.(Ile494Thr)	Mild
8530	Missense	495	A2	p.(Tyr495Asp)	Moderate
1256	Missense	496	A2	p.(Pro496Arg)	Severe
8832	Nonsense	498	A2	p.(Gly498*)	Severe
8532	Missense	502	A2	p.(Val502Phe)	Mild
1297	Nonsense	507	A2	p.(Ser507*)	Severe
1299	Nonsense	509	A2	p.(Arg509*)	Mild
1300	Nonsense	510	A2	p.(Leu510*)	Severe
8533	Missense	513	A2	p.(Gly513Val)	Moderate
8534	Missense	524	A2	p.(Pro524Leu)	Mild
5322	Missense	525	A2	p.(Gly525Arg)	Mild
1336	Missense	529	A2	p.(Lys529Glu)	Moderate
9127	Missense	530	A2	p.(Tyr530His)	Mild
8535	Missense	532	A2	p.(Trp532Arg)	Severe
1347	Nonsense	532	A2	p.(Trp532*)	Severe
1350	Missense	534	A2	p.(Val534Gly)	Mild
1351	Missense	539	A2	p.(Gly539Glu)	Mild
8537	Missense	540	A2	p.(Pro540Ser)	Moderate
1353	Missense	540	A2	p.(Pro540Thr)	Moderate
8538	Missense	540	A2	p.(Pro540Leu)	Moderate
1362	Missense	541	A2	p.(Thr541Ser)	Mild
10026	Nonsense	543	A2 	p.(Ser543*)	Severe
1367	Missense	544	A2	p.(Asp544Glu)	Severe
10565	Missense	545	A2	p.(Pro545Arg)	Severe
1370	Missense	545	A2	p.(Pro545His)	Mild
1416	Missense	547	A2	p.(Cys547Arg)	Severe
8539	Missense	547	A2	p.(Cys547Phe)	Severe
1419	Missense	547	A2	p.(Cys547Trp)	Severe
8540	Missense	549	A2	p.(Thr549Asn)	Mild
8544	Missense	550	A2	p.(Arg550Leu)	Mild
8543	Missense	550	A2	p.(Arg550Pro)	Severe
1523	Missense	551	A2	p.(Tyr551Cys)	Mild
1525	Nonsense	551	A2	p.(Tyr551*)	Severe
1526	Missense	552	A2	p.(Tyr552His)	Severe
1529	Nonsense	552	A2	p.(Tyr552*)	Severe
1533	Missense	553	A2	p.(Ser553Pro)	Severe
1535	Missense	553	A2	p.(Ser553Cys)	Mild
1545	Missense	554	A2	p.(Ser554Asn)	Severe
1546	Missense	556	A2	p.(Val556Asp)	Moderate
5323	Nonsense	559	A2	p.(Glu559*)	Severe
1547	Missense	560	A2	p.(Arg560Gly)	Mild
1548	Missense	560	A2	p.(Arg560Thr)	Mild
1550	Missense	561	A2	p.(Asp561Asn)	Severe
1552	Missense	561	A2	p.(Asp561His)	Severe
1553	Missense	561	A2	p.(Asp561Tyr)	Severe
1555	Missense	561	A2	p.(Asp561Ala)	Severe
1556	Missense	561	A2	p.(Asp561Gly)	Severe
10566	Missense	561	A2	p.(Asp561Glu)	Severe
1559	Missense	562	A2	p.(Leu562Pro)	Mild
8545	Missense	564	A2	p.(Ser564Leu)	Severe
1562	Missense	566	A2	p.(Leu566Val)	Mild
8547	Missense	566	A2	p.(Leu566Arg)	Severe
1572	Missense	567	A2	p.(Ile567Phe)	Mild
1573	Missense	567	A2	p.(Ile567Thr)	Mild
10567	Missense	568	A2	p.(Gly568Cys)	Severe
8548	Missense	568	A2	p.(Gly568Asp)	Severe
1578	Missense	568	A2	p.(Gly568Val)	Severe
9883	Missense	569	A2	p.(Pro569Arg)	Severe
1579	Missense	572	A2	p.(Ile572Phe)	Mild
9808	Missense	573	A2	p.(Cys573Tyr)	Moderate
8549	Missense	573	A2	p.(Cys573Phe)	Moderate
1583	Nonsense	576	A2	p.(Glu576*)	Moderate
1582	Missense	576	A2	p.(Glu576Lys)	Mild
8550	Missense	577	A2	p.(Ser577Pro)	Severe
1584	Missense	577	A2	p.(Ser577Phe)	Mild
8551	Missense	577	A2	p.(Ser577Tyr)	Moderate
1585	Missense	578	A2	p.(Val578Ala)	Mild
1586	Missense	579	A2	p.(Asp579His)	Mild
1587	Missense	579	A2	p.(Asp579Ala)	Mild
8553	Missense	579	A2	p.(Asp579Gly)	Mild
1588	Missense	579	A2	p.(Asp579Val)	Moderate
1589	Nonsense	580	A2	p.(Gln580*)	Severe
10354	Missense	582	A2	p.(Gly582Arg)	Moderate
1591	Missense	582	A2	p.(Gly582Ala)	Mild
9810	Missense	582	A2	p.(Gly582Glu)	Severe
1592	Missense	583	A2	p.(Asn583Ser)	Mild
1594	Missense	584	A2	p.(Gln584Lys)	Moderate
1612	Missense	584	A2	p.(Gln584His)	Mild
1624	Missense	585	A2	p.(Ile585Arg)	Severe
1625	Missense	586	A2	p.(Met586Val)	Mild
1626	Nonsense	587	A2	p.(Ser587*)	Severe
8555	Missense	588	A2	p.(Asp588His)	Severe
1627	Missense	588	A2	p.(Asp588Tyr)	Severe
1630	Missense	588	A2	p.(Asp588Glu)	Mild
10568	Missense	593	A2	p.(Ile593Asn)	Severe
8557	Missense	593	A2	p.(Ile593Thr)	Severe
1631	Missense	594	A2	p.(Leu594Gln)	Mild
8558	Missense	594	A2	p.(Leu594Pro)	Severe
1633	Missense	595	A2	p.(Phe595Ser)	Severe
1635	Missense	596	A2	p.(Ser596Phe)	Severe
1636	Missense	599	A2	p.(Asp599His)	Severe
1637	Nonsense	600	A2	p.(Glu600*)	Severe
8559	Missense	600	A2	p.(Glu600Gln)	Severe
10569	Missense	600	A2	p.(Glu600Lys)	Severe
9255	Missense	600	A2	p.(Glu600Asp)	Severe
1638	Missense	601	A2	p.(Asn601Asp)	Severe
8560	Missense	601	A2	p.(Asn601Thr)	Mild
1669	Missense	602	A2	p.(Arg602Gly)	Mild
8562	Missense	603	A2	p.(Ser603Cys)	Severe
1690	Missense	603	A2	p.(Ser603Gly)	Mild
1691	Missense	603	A2	p.(Ser603Thr)	Severe
8564	Missense	604	A2	p.(Trp604Arg)	Severe
9256	Nonsense	604	A2	p.(Trp604*)	Severe
1698	Missense	604	A2	p.(Trp604Cys)	Severe
1700	Missense	605	A2	p.(Tyr605Ser)	Severe
1702	Nonsense	605	A2	p.(Tyr605*)	Severe
10570	Missense	609	A2	p.(Asn609Tyr)	Severe
1706	Nonsense	611	A2	p.(Gln611*)	Severe
9034	Missense	612	A2	p.(Arg612His)	Severe
1846	Missense	612	A2	p.(Arg612Pro)	Severe
8566	Missense	614	A2	p.(Leu614Arg)	Mild
1850	Missense	620	A2	p.(Val620Met)	Mild
1852	Nonsense	621	A2	p.(Gln621*)	Severe
9938	Missense	624	A2	p.(Asp624Val)	Mild
1854	Nonsense	628	A2	p.(Gln628*)	Severe
1855	Missense	631	A2	p.(Asn631Asp)	Severe
1859	Missense	631	A2	p.(Asn631Ile)	Severe
1861	Missense	631	A2	p.(Asn631Lys)	Severe
9257	Missense	633	A2	p.(Met633Val)	Mild
10571	Missense	633	A2	p.(Met633Thr)	Mild
1876	Missense	635	A2	p.(Ser635Asn)	Mild
9884	Missense	637	A2	p.(Asn637Ile)	Moderate
1885	Missense	637	A2	p.(Asn637Ser)	Mild
1887	Missense	638	A2	p.(Gly638Ser)	Severe
1888	Missense	638	A2	p.(Gly638Asp)	Severe
9832	Nonsense	639	A2	p.(Tyr639*)	Severe
1898	Missense	641	A2	p.(Phe641Ser)	Mild
1902	Missense	644	A2	p.(Leu644Val)	Mild
9811	Missense	644	A2	p.(Leu644Ser)	Severe
8567	Missense	644	A2	p.(Leu644Trp)	Mild
1906	Nonsense	645	A2	p.(Gln645*)	Severe
1910	Missense	645	A2	p.(Gln645Pro)	Moderate
8568	Missense	649	A2	p.(Cys649Tyr)	Moderate
8569	Missense	650	A2	p.(Leu650Val)	Mild
1916	Missense	650	A2	p.(Leu650Phe)	Mild
1915	Missense	650	A2	p.(Leu650Pro)	Mild
1917	Missense	651	A2	p.(His651Pro)	Moderate
8570	Missense	654	A2	p.(Ala654Glu)	Moderate
8571	Missense	655	A2	p.(Tyr655His)	Mild
1922	Missense	655	A2	p.(Tyr655Cys)	Mild
1926	Nonsense	655	A2	p.(Tyr655*)	Severe
9261	Missense	656	A2	p.(Trp656Gly)	Moderate
8572	Missense	657	A2	p.(Tyr657Cys)	Mild
8573	Missense	658	A2	p.(Ile658Ser)	Moderate
10251	Missense	661	A2 	p.(Ile661Asn )	Mild
8574	Missense	662	A2	p.(Gly662Arg)	Severe
1933	Missense	662	A2	p.(Gly662Ala)	Severe
10286	Missense	663	A2	p.(Ala663Val)	Mild
9262	Missense	664	A2	p.(Gln664Arg)	Moderate
1937	Missense	664	A2	p.(Gln664Pro)	Severe
9141	Missense	664	A2	p.(Gln664His)	Mild
8575	Missense	669	A2	p.(Ser669Pro)	Moderate
1941	Missense	670	A2	p.(Val670Leu)	Mild
1943	Missense	671	A2	p.(Phe671Leu)	Mild
10355	Missense	672	A2	p.(Phe672Ser)	Severe
1948	Nonsense	674	A2	p.(Gly674*)	Severe
10572	Missense	674	A2	p.(Gly674Ala)	Mild
9812	Missense	674	A2	p.(Gly674Glu)	Severe
1950	Missense	676	A2	p.(Thr676Ser)	Mild
9263	Missense	677	A2	p.(Phe677Val)	Moderate
8576	Missense	677	A2	p.(Phe677Leu)	Moderate
1953	Nonsense	678	A2	p.(Lys678*)	Severe
8577	Missense	679	A2	p.(His679Pro)	Severe
1954	Missense	679	A2	p.(His679Gln)	Mild
1958	Missense	681	A2	p.(Met681Ile)	Mild
1962	Missense	682	A2	p.(Val682Phe)	Mild
1964	Missense	682	A2	p.(Val682Ala)	Mild
1965	Missense	683	A2	p.(Tyr683Asn)	Mild
8578	Missense	685	A2	p.(Asp685Asn)	Mild
8579	Missense	685	A2	p.(Asp685Gly)	Mild
1975	Missense	686	A2	p.(Thr686Arg)	Moderate
5324	Missense	687	A2	p.(Leu687Pro)	Severe
1984	Missense	689	A2	p.(Leu689Arg)	Severe
8582	Missense	689	A2	p.(Leu689Pro)	Severe
1986	Missense	691	A2	p.(Pro691Thr)	Severe
1987	Missense	691	A2	p.(Pro691Leu)	Severe
9264	Nonsense	693	A2	p.(Ser693*)	Severe
9939	Missense	693	A2	p.(Ser693Leu)	Mild
9813	Missense	695	A2	p.(Glu695Gly)	Mild
1988	Missense	696	A2	p.(Thr696Asn)	Mild
8587	Missense	696	A2	p.(Thr696Ile)	Mild
1993	Missense	697	A2	p.(Val697Ala)	Mild
1990	Missense	697	A2	p.(Val697Asp)	Severe
1996	Missense	699	A2	p.(Met699Leu)	Moderate
1995	Missense	699	A2	p.(Met699Val)	Severe
1997	Missense	699	A2	p.(Met699Lys)	Moderate
1998	Missense	699	A2	p.(Met699Thr)	Mild
1999	Missense	699	A2	p.(Met699Ile)	Moderate
8597	Missense	700	A2	p.(Ser700Pro)	Mild
2001	Nonsense	700	A2	p.(Ser700*)	Severe
10252	Missense	700	A2 	p.(Ser700Leu )	Mild
8599	Missense	701	A2	p.(Met701Leu)	Mild
2003	Missense	701	A2	p.(Met701Val)	Mild
2004	Missense	701	A2	p.(Met701Thr)	Mild
2008	Missense	703	A2	p.(Asn703Asp)	Severe
2010	Missense	703	A2	p.(Asn703Ser)	Mild
8600	Missense	703	A2	p.(Asn703Thr)	Severe
2021	Missense	705	A2	p.(Gly705Ser)	Severe
2032	Missense	707	A2	p.(Trp707Arg)	Mild
2033	Nonsense	707	A2	p.(Trp707*)	Severe
2036	Missense	710	A2	p.(Gly710Arg)	Mild
2039	Missense	710	A2	p.(Gly710Val)	Severe
2040	Missense	711	A2	p.(Cys711Arg)	Mild
2042	Missense	711	A2	p.(Cys711Phe)	Moderate
2041	Missense	711	A2	p.(Cys711Tyr)	Severe
8838	Nonsense	711	A2	p.(Cys711*)	Severe
2043	Missense	713	A2	p.(Asn713Ile)	Mild
2044	Missense	714	A2	p.(Ser714Leu)	Mild
2086	Missense	717	A2	p.(Arg717Gln)	Mild
2091	Missense	717	A2	p.(Arg717Leu)	Mild
2090	Missense	717	A2	p.(Arg717Pro)	Mild
9932	Missense	719	A2	p.(Arg719Thr)	Mild
10573	Missense	720	A2	p.(Gly720Cys)	Severe
2092	Missense	720	A2	p.(Gly720Ser)	Severe
8603	Missense	720	A2	p.(Gly720Ala)	Severe
9267	Missense	721	A2	p.(Met721Val)	Severe
8606	Missense	721	A2	p.(Met721Thr)	Severe
2098	Missense	721	A2	p.(Met721Ile)	Severe
2125	Missense	723	A2	p.(Ala723Asp)	Severe
2126	Missense	723	A2	p.(Ala723Val)	Mild
2127	Missense	724	A2	p.(Leu724Phe)	Mild
2128	Missense	725	A2	p.(Leu725Gln)	Severe
2130	Missense	727	A2	p.(Val727Phe)	Severe
10356	Missense	730	A2	p.(Cys730Tyr)	Severe
2135	Missense	738	A2	p.(Tyr738Cys)	Mild
2136	Nonsense	738	A2	p.(Tyr738*)	Moderate
2142	Nonsense	739	a2	p.(Glu739*)	Severe
2140	Missense	739	a2	p.(Glu739Lys)	Mild
2143	Missense	742	a2	p.(Tyr742Cys)	Mild
2145	Nonsense	748	a2	p.(Tyr748*)	Severe
2146	Nonsense	749	a2	p.(Leu749*)	Severe
2147	Missense	750	a2	p.(Leu750Val)	Moderate
2148	Missense	770	B	p.(Thr770Ser)	Mild
2152	Nonsense	772	B	p.(Gln772*)	Severe
2163	Missense	795	B	p.(Arg795Gly)	Severe
2166	Nonsense	802	B	p.(Gln802*)	Severe
2203	Nonsense	814	B	p.(Arg814*)	Severe
2204	Nonsense	815	B	p.(Gln815*)	Severe
2207	Nonsense	828	B	p.(Gln828*)	Severe
2209	Nonsense	829	B	p.(Glu829*)	Severe
2213	Missense	845	B	p.(Asp845Glu)	Severe
8840	Nonsense	859	B	p.(Gln859*)	Severe
10574	Missense	867	B	p.(Val867Leu)	Severe
2225	Missense	870	B	p.(Pro870Arg)	Moderate
8842	Nonsense	875	B	p.(Gln875*)	Severe
2231	Nonsense	878	B	p.(Leu878*)	Severe
2232	Nonsense	880	B	p.(Glu880*)	Severe
2239	Nonsense	901	B	p.(Ser901*)	Severe
5325	Missense	912	B	p.(Asn912Asp)	Severe
9972	Nonsense	923	B/	p.(Leu923*)	Severe
2244	Nonsense	924	B	p.(Gly924*)	Moderate
2246	Missense	935	B	p.(Gln935Glu)	Severe
2252	Missense	947	B	p.(Pro947Arg)	Moderate
8843	Nonsense	953	B	p.(Gly953*)	Moderate
2254	Missense	963	B	p.(Asp963Asn)	Mild
2256	Nonsense	965	B	p.(Lys965*)	Severe
8844	Nonsense	968	B	p.(Glu968*)	Severe
2258	Nonsense	971	B	p.(Leu971*)	Severe
10107	Nonsense	978	B	p.(Ser978*)	Severe
8845	Nonsense	979	B	p.(Trp979*)	Severe
9058	Nonsense	985	B	p.(Ser985*)	Severe
2290	Nonsense	993	B	p.(Lys993*)	Severe
9814	Missense	998	B	p.(His998Gln)	Severe
2291	Nonsense	1011	B	p.(Lys1011*)	Severe
2292	Missense	1012	B	p.(Val1012Leu)	Severe
2304	Nonsense	1038	B	p.(Ser1038*)	Severe
10260	Nonsense	1052	B	p.(Leu1052*)	Severe
8849	Nonsense	1053	B	p.(Glu1053*)	Severe
2315	Nonsense	1059	B	p.(Lys1059*)	Severe
8850	Nonsense	1060	B	p.(Lys1060*)	Severe
2317	Missense	1066	B	p.(His1066Tyr)	Severe
5328	Nonsense	1084	B	p.(Ser1084*)	Severe
10590	Nonsense	1090	B	p.(Ser1090*)	Severe
2325	Missense	1093	B	p.(Met1093Ile)	Moderate
2326	Nonsense	1097	B	p.(Gln1097*)	Severe
2328	Nonsense	1098	B	p.(Gln1098*)	Severe
2331	Nonsense	1100	B	p.(Lys1100*)	Severe
2341	Nonsense	1109	B	p.(Gln1109*)	Severe
2345	Missense	1110	B	p.(Asn1110Tyr)	Mild
2350	Nonsense	1124	B	p.(Ser1124*)	Severe
2353	Nonsense	1127	B	p.(Trp1127*)	Severe
8851	Nonsense	1129	B	p.(Gln1129*)	Severe
2362	Nonsense	1141	B	p.(Gln1141*)	Severe
10575	Missense	1153	B	p.(Pro1153Ala)	Mild
2364	Nonsense	1165	B	p.(Glu1165*)	Severe
2365	Nonsense	1166	B	p.(Lys1166*)	Severe
2376	Nonsense	1203	B	p.(Glu1203*)	Severe
2381	Nonsense	1211	B	p.(Lys1211*)	Severe
8852	Nonsense	1212	B	p.(Lys1212*)	Severe
8853	Nonsense	1214	B	p.(Gln1214*)	Severe
8854	Nonsense	1216	B	p.(Glu1216*)	Severe
9061	Nonsense	1223	B	p.(Leu1223*)	Severe
2530	Nonsense	1232	B	p.(Gln1232*)	Severe
10104	Missense	1234	B	p.(His1234Leu)	Severe
2544	Nonsense	1256	B	p.(Glu1256*)	Severe
8859	Nonsense	1268	B	p.(Gln1268*)	Severe
2549	Nonsense	1276	B	p.(Ser1276*)	Severe
2553	Nonsense	1282	B	p.(Lys1282*)	Severe
2560	Nonsense	1289	B	p.(Lys1289*)	Severe
9833	Nonsense	1302	B	p.(Gln1302*)	Severe
2578	Nonsense	1305	B	p.(Gln1305*)	Severe
2579	Nonsense	1308	B	p.(Glu1308*)	Severe
2580	Missense	1314	B	p.(Thr1314Pro)	Moderate
2582	Nonsense	1322	B	p.(Gln1322*)	Severe
2584	Nonsense	1328	B	p.(Gln1328*)	Severe
9815	Missense	1329	B	p.(Arg1329His)	Mild
2590	Nonsense	1336	B	p.(Gln1336*)	Severe
2589	Missense	1336	B	p.(Gln1336Lys)	Mild
8863	Nonsense	1343	B	p.(Glu1343*)	Severe
8864	Nonsense	1347	B	p.(Glu1347*)	Severe
8865	Nonsense	1348	B	p.(Lys1348*)	Severe
9268	Nonsense	1356	B	p.(Ser1356*)	Severe
2594	Nonsense	1358	B	p.(Gln1358*)	Severe
9269	Missense	1372	B	p.(Thr1372Ala)	Severe
8869	Nonsense	1376	B	p.(Tyr1376*)	Severe
2605	Nonsense	1386	B	p.(Gln1386*)	Severe
8870	Nonsense	1390	B	p.(Ser1390*)	Severe
2608	Nonsense	1401	B	p.(Gln1401*)	Severe
8871	Nonsense	1404	B	p.(Arg1404*)	Severe
2609	Nonsense	1414	B	p.(Ser1414*)	Severe
2627	Nonsense	1449	B	p.(Glu1449*)	Severe
2628	Nonsense	1455	B	p.(Gln1455*)	Severe
2728	Missense	1469	B	p.(Leu1469Ser)	Mild
5329	Nonsense	1470	B	p.(Glu1470*)	Severe
2731	Nonsense	1475	B	p.(Gln1475*)	Severe
2740	Nonsense	1491	B	p.(Tyr1491*)	Severe
2741	Nonsense	1492	B	p.(Lys1492*)	Severe
2743	Nonsense	1495	B	p.(Glu1495*)	Severe
8872	Nonsense	1506	B	p.(Lys1506*)	Severe
2752	Missense	1511	B	p.(Val1511Ile)	Severe
9064	Nonsense	1512	B	p.(Glu1512*)	Moderate
2761	Nonsense	1521	B	p.(Gln1521*)	Severe
9834	Nonsense	1522	B	p.(Lys1522*)	Severe
2762	Missense	1530	B	p.(Ser1530Thr)	Mild
8873	Nonsense	1554	B	p.(Trp1554*)	Severe
8874	Nonsense	1562	B	p.(Lys1562*)	Severe
2787	Nonsense	1590	B	p.(Tyr1590*)	Severe
8875	Nonsense	1597	B	p.(Glu1597*)	Severe
2789	Missense	1598	B	p.(Glu1598Asp)	Severe
2790	Nonsense	1599	B	p.(Trp1599*)	Severe
2792	Nonsense	1600	B	p.(Lys1600*)	Severe
10591	Nonsense	1603	B	p.(Glu1603*)	Severe
2795	Nonsense	1605	B	p.(Ser1605*)	Moderate
10592	Nonsense	1607	B	p.(Glu1607*)	Severe
2814	Missense	1610	B	p.(Ala1610Ser)	Severe
10108	Nonsense	1614	B	p.(Lys1614*)	Severe
2819	Missense	1622	B	p.(Ala1622Thr)	Severe
2827	Nonsense	1634	B	p.(Glu1634*)	Severe
2828	Nonsense	1636	B	p.(Gln1636*)	Severe
2830	Nonsense	1640	B	p.(Glu1640*)	Severe
2832	Missense	1642	B	p.(Glu1642Gly)	Moderate
2834	Nonsense	1645	B	p.(Trp1645*)	Severe
2836	Nonsense	1648	B	p.(Gln1648*)	Moderate
2837	Nonsense	1657	B	p.(Gln1657*)	Severe
2838	Missense	1660	B	p.(Pro1660Leu)	Severe
2839	Nonsense	1663	B	p.(Lys1663*)	Severe
2842	Nonsense	1666	B	p.(Gln1666*)	Severe
2845	Missense	1671	a3	p.(Arg1671His)	Severe
2846	Nonsense	1675	a3	p.(Gln1675*)	Severe
9835	Nonsense	1680	a2	p.(Glu1680*)	Severe
9066	Missense	1681	a3	p.(Ile1681Val)	Mild
2849	Nonsense	1688	a3	p.(Ser1688*)	Severe
9270	Missense	1688	B	p.(Ser1688Leu)	Moderate
8877	Nonsense	1694	a3	p.(Glu1694*)	Severe
2853	Missense	1696	a3	p.(Phe1696Val)	Moderate
9940	Missense	1696	a3	p.(Phe1696Ser)	Mild
10378	Nonsense	1701	a3	p.(Glu1701*)	Severe
2892	Missense	1701	a3	p.(Glu1701Lys)	Mild
2895	Nonsense	1705	a3	p.(Gln1705*)	Severe
10576	Missense	1707	A3	p.(Pro1707Arg)	Mild
8614	Missense	1708	a3	p.(Arg1708Ser)	Severe
2952	Missense	1708	a3	p.(Arg1708His)	Mild
2957	Missense	1709	a3	p.(Ser1709Arg)	Mild
8616	Missense	1712	A3	p.(Lys1712Asn)	Moderate
2960	Missense	1714	A3	p.(Thr1714Arg)	Mild
2971	Nonsense	1715	A3	p.(Arg1715*)	Severe
2964	Missense	1715	A3	p.(Arg1715Gly)	Mild
2981	Missense	1715	A3	p.(Arg1715Pro)	Moderate
10593	Nonsense	1717	B	p.(Tyr1717*)	Severe
2984	Missense	1718	A3	p.(Phe1718Leu)	Mild
2985	Missense	1720	A3	p.(Ala1720Thr)	Mild
2986	Missense	1720	A3	p.(Ala1720Asp)	Severe
9866	Missense	1720	A3	p.(Ala1720Val)	Mild
8878	Nonsense	1723	A3	p.(Glu1723*)	Severe
9271	Missense	1726	A3	p.(Trp1726Arg)	Severe
9969	Missense	1726	A3	p.(Trp1726Ser )	Severe
8618	Missense	1726	A3	p.(Trp1726Cys)	Severe
2993	Missense	1727	A3	p.(Asp1727Val)	Mild
5330	Missense	1728	A3	p.(Tyr1728His)	Severe
3001	Nonsense	1728	A3	p.(Tyr1728*)	Severe
3002	Missense	1729	A3	p.(Gly1729Glu)	Mild
5331	Missense	1730	A3	p.(Met1730Val)	Severe
3010	Missense	1740	A3	p.(Arg1740Gly)	Mild
3019	Missense	1740	A3	p.(Arg1740Met)	Severe
9039	Missense	1749	A3	p.(Phe1749Leu)	Moderate
3034	Nonsense	1751	A3	p.(Lys1751*)	Severe
3030	Missense	1751	A3	p.(Lys1751Gln)	Severe
3031	Missense	1751	A3	p.(Lys1751Glu)	Moderate
3035	Missense	1751	A3	p.(Lys1751Arg)	Severe
8620	Missense	1751	A3	p.(Lys1751Thr)	Severe
9276	Missense	1751	A3	p.(Lys1751Asn)	Severe
3039	Missense	1752	A3	p.(Val1752Ile)	Mild
8622	Missense	1752	A3	p.(Val1752Leu)	Severe
10594	Nonsense	1755	A3	p.(Gln1755*)	Severe
8624	Missense	1755	A3	p.(Gln1755Pro)	Severe
3043	Missense	1757	A3	p.(Phe1757Leu)	Moderate
3047	Missense	1759	A3	p.(Asp1759His)	Mild
8627	Missense	1762	A3	p.(Phe1762Val)	Severe
3051	Missense	1764	A3	p.(Gln1764Arg)	Severe
3053	Nonsense	1767	A3	p.(Tyr1767*)	Severe
3058	Missense	1768	A3	p.(Arg1768Cys)	Mild
3062	Missense	1768	A3	p.(Arg1768His)	Mild
3074	Missense	1770	A3	p.(Glu1770Lys)	Severe
3075	Missense	1771	A3	p.(Leu1771Pro)	Mild
8628	Missense	1772	A3	p.(Asn1772Ile)	Mild
10110	Nonsense	1773	A3	p.(Glu1773*)	Severe
3081	Missense	1774	A3	p.(His1774Arg)	Severe
3082	Missense	1774	A3	p.(His1774Leu)	Severe
9523	Missense	1775	A3	p.(Leu1775Val)	Moderate
3085	Missense	1775	A3	p.(Leu1775Ser)	Mild
3087	Missense	1775	A3	p.(Leu1775Phe)	Mild
5332	Missense	1777	A3	p.(Leu1777Phe)	Mild
3089	Missense	1779	A3	p.(Gly1779Arg)	Severe
3092	Missense	1779	A3	p.(Gly1779Glu)	Severe
9816	Missense	1780	A3	p.(Pro1780Ser)	Mild
10577	Missense	1780	A3	p.(Pro1780Arg)	Severe
3095	Missense	1780	A3	p.(Pro1780Gln)	Mild
3097	Nonsense	1781	A3	p.(Tyr1781*)	Severe
3098	Missense	1782	A3	p.(Ile1782Arg)	Severe
3099	Missense	1783	A3	p.(Arg1783Thr)	Mild
3101	Missense	1785	A3	p.(Glu1785Lys)	Moderate
3102	Missense	1785	A3	p.(Glu1785Ala)	Mild
8630	Missense	1786	A3	p.(Val1786Gly)	Mild
3105	Missense	1788	A3	p.(Asp1788His)	Mild
3106	Missense	1788	A3	p.(Asp1788Tyr)	Moderate
3107	Missense	1788	A3	p.(Asp1788Gly)	Moderate
3109	Missense	1791	A3	p.(Met1791Thr)	Severe
3119	Missense	1791	A3	p.(Met1791Ile)	Moderate
8631	Missense	1792	A3	p.(Val1792Leu)	Mild
5333	Missense	1792	A3	p.(Val1792Ala)	Mild
3127	Missense	1794	A3	p.(Phe1794Leu)	Mild
3128	Missense	1794	A3	p.(Phe1794Pro)	Severe
8632	Missense	1794	A3	p.(Phe1794Tyr)	Mild
8633	Missense	1796	A3	p.(Asn1796Asp)	Mild
8634	Missense	1796	A3	p.(Asn1796Ser)	Severe
3130	Nonsense	1797	A3	p.(Gln1797*)	Severe
3133	Missense	1798	A3	p.(Ala1798Pro)	Severe
8635	Missense	1798	A3	p.(Ala1798Thr)	Severe
3134	Missense	1798	A3	p.(Ala1798Val)	Moderate
3136	Missense	1799	A3	p.(Ser1799Pro)	Mild
9277	Missense	1800	A3	p.(Arg1800Ser)	Severe
3182	Missense	1800	A3	p.(Arg1800Pro)	Severe
3185	Missense	1801	A3	p.(Pro1801Ala)	Mild
3186	Missense	1802	A3	p.(Tyr1802Ser)	Severe
3193	Missense	1803	A3	p.(Ser1803Pro)	Severe
8637	Missense	1803	A3	p.(Ser1803Phe)	Moderate
3194	Missense	1803	A3	p.(Ser1803Tyr)	Severe
3195	Missense	1804	A3	p.(Phe1804Ile)	Mild
10357	Missense	1804	A3	p.(Phe1804Leu)	Mild
3196	Missense	1804	A3	p.(Phe1804Ser)	Severe
9278	Missense	1805	A3	p.(Tyr1805Asn)	Severe
5335	Missense	1805	A3	p.(Tyr1805Cys)	Moderate
3197	Missense	1805	A3	p.(Tyr1805Ser)	Mild
3199	Nonsense	1805	A3	p.(Tyr1805*)	Severe
10578	Missense	1806	A3	p.(Ser1806Pro)	Severe
3200	Missense	1807	A3	p.(Ser1807Gly)	Mild
3201	Missense	1807	A3	p.(Ser1807Thr)	Mild
8638	Missense	1807	A3	p.(Ser1807Arg)	Moderate
3204	Missense	1808	A3	p.(Leu1808Phe)	Mild
8639	Missense	1808	A3	p.(Leu1808Pro)	Mild
3210	Missense	1810	A3	p.(Ser1810Pro)	Mild
10358	Missense	1811	A3	p.(Tyr1811Asn)	Severe
3215	Nonsense	1811	A3	p.(Tyr1811*)	Severe
8879	Nonsense	1812	A3	p.(Glu1812*)	Severe
3217	Nonsense	1815	A3	p.(Gln1815*)	Severe
3218	Nonsense	1818	A3	p.(Gly1818*)	Severe
3222	Missense	1824	A3	p.(Asn1824Ile)	Severe
8640	Missense	1826	A3	p.(Val1826Phe)	Moderate
3227	Missense	1834	A3	p.(Tyr1834Cys)	Mild
8641	Missense	1836	A3	p.(Trp1836Arg)	Moderate
10595	Nonsense	1837	A3	p.(Lys1837*)	Severe
9337	Nonsense	1839	A3	p.(Gln1839*)	Severe
3234	Missense	1840	A3	p.(His1840Leu)	Moderate
9279	Missense	1841	A3	p.(His1841Leu)	Mild
3236	Missense	1842	A3	p.(Met1842Leu)	Mild
10359	Missense	1842	A3	p.(Met1842Val)	Mild
3242	Missense	1843	A3	p.(Ala1843Thr)	Mild
9817	Missense	1843	A3	p.(Ala1843Val)	Mild
3245	Missense	1844	A3	p.(Pro1844His)	Mild
3246	Missense	1844	A3	p.(Pro1844Leu)	Mild
3254	Missense	1847	A3	p.(Asp1847Gly)	Severe
3261	Missense	1848	A3	p.(Glu1848Ala)	Mild
3262	Missense	1848	A3	p.(Glu1848Gly)	Mild
3263	Missense	1848	A3	p.(Glu1848Val)	Mild
3264	Missense	1848	A3	p.(Glu1848Asp)	Mild
3265	Missense	1849	A3	p.(Phe1849Leu)	Mild
10106	Missense	1851	A3	p.(Cys1851Arg)	Severe
3266	Nonsense	1851	A3	p.(Cys1851*)	Severe
3267	Missense	1852	A3	p.(Lys1852Glu)	Severe
8642	Missense	1852	A3	p.(Lys1852Asn)	Moderate
3275	Missense	1853	A3	p.(Ala1853Val)	Mild
9280	Missense	1854	A3	p.(Trp1854Gly)	Severe
3279	Nonsense	1854	A3	p.(Trp1854*)	Severe
3280	Missense	1854	A3	p.(Trp1854Cys)	Severe
10360	Missense	1855	A3	p.(Ala1855Thr)	Mild
3284	Missense	1856	A3	p.(Tyr1856Cys)	Severe
3283	Missense	1856	A3	p.(Tyr1856Ser)	Moderate
3286	Nonsense	1856	A3	p.(Tyr1856*)	Severe
3287	Missense	1858	A3	p.(Ser1858Cys)	Severe
3292	Missense	1859	A3	p.(Asp1859Gly)	Moderate
8643	Missense	1861	A3	p.(Asp1861Tyr)	Mild
3301	Missense	1863	A3	p.(Glu1863Lys)	Mild
3303	Missense	1864	A3	p.(Lys1864Glu)	Moderate
3307	Missense	1865	A3	p.(Asp1865Tyr)	Severe
3308	Missense	1865	A3	p.(Asp1865Gly)	Severe
8645	Missense	1865	A3	p.(Asp1865Val)	Severe
3309	Missense	1865	A3	p.(Asp1865Glu)	Severe
3312	Missense	1867	A3	p.(His1867Arg)	Severe
3310	Missense	1867	A3	p.(His1867Pro)	Mild
3313	Missense	1868	A3	p.(Ser1868Pro)	Severe
10379	Nonsense	1868	A3	p.(Ser1868*)	Severe
3315	Missense	1868	A3	p.(Ser1868Leu)	Severe
8648	Missense	1869	A3	p.(Gly1869Arg)	Moderate
8646	Missense	1869	A3	p.(Gly1869Ser)	Severe
3317	Missense	1869	A3	p.(Gly1869Asp)	Severe
10579	Missense	1870	A3	p.(Leu1870Arg)	Severe
9067	Missense	1872	A3	p.(Gly1872Arg)	Severe
3320	Missense	1872	A3	p.(Gly1872Glu)	Severe
3321	Missense	1873	A3	p.(Pro1873Arg)	Severe
3330	Missense	1875	A3	p.(Leu1875Pro)	Severe
3331	Missense	1876	A3	p.(Val1876Leu)	Mild
3332	Missense	1877	A3	p.(Cys1877Arg)	Severe
10025	Missense	1877	A3 	p.(Cys1877Tyr)	Severe
3333	Missense	1881	A3	p.(Thr1881Pro)	Severe
3335	Missense	1882	A3	p.(Leu1882Pro)	Severe
3337	Missense	1886	A3	p.(His1886Asn)	Mild
3341	Nonsense	1888	A3	p.(Arg1888*)	Severe
3340	Missense	1888	A3	p.(Arg1888Gly)	Mild
8649	Missense	1888	A3	p.(Arg1888Thr)	Mild
8650	Missense	1888	A3	p.(Arg1888Ser)	Mild
3349	Nonsense	1889	A3	p.(Gln1889*)	Severe
8651	Missense	1889	A3	p.(Gln1889His)	Mild
3350	Missense	1892	A3	p.(Val1892Ile)	Moderate
3352	Missense	1892	A3	p.(Val1892Gly)	Mild
3355	Nonsense	1893	A3	p.(Gln1893*)	Severe
3356	Missense	1894	A3	p.(Glu1894Lys)	Severe
3359	Missense	1895	A3	p.(Phe1895Ser)	Mild
3362	Missense	1896	A3	p.(Ala1896Pro)	Severe
3366	Missense	1901	A3	p.(Ile1901Phe)	Mild
3368	Missense	1904	A3	p.(Glu1904Lys)	Severe
3369	Missense	1904	A3	p.(Glu1904Gly)	Severe
7418	Missense	1907	A3	p.(Ser1907Ile)	Severe
7419	Missense	1907	A3	p.(Ser1907Arg)	Moderate
3378	Missense	1908	A3	p.(Trp1908Leu)	Mild
9041	Missense	1909	A3	p.(Tyr1909His)	Severe
3382	Missense	1913	A3	p.(Asn1913Ser)	Mild
3384	Missense	1913	A3	p.(Asn1913Lys)	Mild
10027	Nonsense	1915	A3 	p.(Glu1915*)	Severe
3386	Nonsense	1922	A3	p.(Cys1922*)	Severe
9876	Nonsense	1935	A3	p.(Tyr1935*)	Severe
10361	Missense	1936	A3	p.(Arg1936Cys)	Mild
5337	Missense	1937	A3	p.(Phe1937Val)	Mild
3393	Missense	1938	A3	p.(His1938Leu)	Mild
8655	Missense	1939	A3	p.(Ala1939Pro)	Severe
3396	Missense	1939	A3	p.(Ala1939Thr)	Severe
3401	Missense	1939	A3	p.(Ala1939Glu)	Severe
3402	Missense	1939	A3	p.(Ala1939Val)	Severe
3403	Missense	1940	A3	p.(Ile1940Asn)	Mild
8656	Missense	1941	A3	p.(Asn1941Lys)	Severe
8657	Missense	1942	A3	p.(Gly1942Ser)	Severe
3418	Missense	1942	A3	p.(Gly1942Arg)	Moderate
3416	Missense	1942	A3	p.(Gly1942Asp)	Severe
3420	Missense	1942	A3	p.(Gly1942Val)	Severe
5338	Missense	1943	A3	p.(Tyr1943Cys)	Mild
8661	Missense	1944	A3	p.(Ile1944Lys)	Mild
3421	Missense	1945	A3	p.(Met1945Val)	Moderate
9281	Missense	1946	A3	p.(Asp1946Val)	Mild
8662	Missense	1948	A3	p.(Leu1948Arg)	Moderate
8665	Missense	1950	A3	p.(Gly1950Asp)	Mild
3433	Nonsense	1957	A3	p.(Gln1957*)	Severe
8666	Missense	1959	A3	p.(Ile1959Phe)	Moderate
3475	Missense	1960	A3	p.(Arg1960Leu)	Moderate
3482	Missense	1962	A3	p.(Tyr1962Asp)	Severe
8886	Nonsense	1962	A3	p.(Tyr1962*)	Severe
3484	Missense	1963	A3	p.(Leu1963Pro)	Severe
3485	Missense	1964	A3	p.(Leu1964Pro)	Severe
3486	Missense	1965	A3	p.(Ser1965Ile)	Severe
3487	Missense	1966	A3	p.(Met1966Val)	Mild
3488	Missense	1966	A3	p.(Met1966Ile)	Mild
3490	Missense	1967	A3	p.(Gly1967Arg)	Mild
3489	Missense	1967	A3	p.(Gly1967Ser)	Mild
3494	Missense	1968	A3	p.(Ser1968Arg)	Mild
3495	Missense	1969	A3	p.(Asn1969Asp)	Mild
8667	Missense	1971	A3	p.(Asn1971His)	Mild
8668	Missense	1971	A3	p.(Asn1971Tyr)	Mild
8669	Missense	1971	A3	p.(Asn1971Ser)	Mild
3496	Missense	1971	A3	p.(Asn1971Thr)	Severe
8670	Missense	1973	A3	p.(His1973Arg)	Severe
3501	Missense	1973	A3	p.(His1973Leu)	Mild
10364	Missense	1973	A3	p.(His1973Pro)	Mild
9042	Missense	1974	A3	p.(Ser1974Tyr)	Severe
8671	Missense	1975	A3	p.(Ile1975Phe)	Mild
3506	Missense	1975	A3	p.(Ile1975Asn)	Severe
3507	Missense	1975	A3	p.(Ile1975Thr)	Mild
10253	Missense	1976	A3	p.(His1976Asp )	Mild
3509	Missense	1976	A3	p.(His1976Arg)	Mild
9818	Missense	1978	A3	p.(Ser1978Gly)	Mild
3510	Missense	1978	A3	p.(Ser1978Arg)	Severe
3511	Missense	1979	A3	p.(Gly1979Glu)	Mild
3515	Missense	1980	A3	p.(His1980Tyr)	Mild
8672	Missense	1980	A3	p.(His1980Arg)	Mild
3516	Missense	1980	A3	p.(His1980Pro)	Moderate
3517	Missense	1981	A3	p.(Val1981Met)	Mild
3520	Missense	1982	A3	p.(Phe1982Ile)	Mild
3521	Missense	1982	A3	p.(Phe1982Leu)	Mild
8673	Missense	1985	A3	p.(Arg1985Gly)	Mild
3625	Missense	1985	A3	p.(Arg1985Pro)	Moderate
3628	Missense	1986	A3	p.(Lys1986Ile)	Mild
8674	Missense	1989	A3	p.(Glu1989Gly)	Mild
10366	Missense	1993	A3	p.(Ala1993Thr)	Mild
3657	Nonsense	1995	A3	p.(Tyr1995*)	Severe
3659	Missense	1997	A3	p.(Leu1997Phe)	Mild
3662	Missense	1998	A3	p.(Tyr1998Ser)	Mild
8887	Nonsense	1998	A3	p.(Tyr1998*)	Severe
5339	Missense	1999	A3	p.(Pro1999Leu)	Mild
9282	Missense	2000	A3	p.(Gly2000Ser)	Severe
9068	Missense	2000	A3	p.(Gly2000Asp)	Severe
8676	Missense	2004	A3	p.(Thr2004Pro)	Mild
3684	Nonsense	2006	A3	p.(Glu2006*)	Severe
8684	Missense	2006	A3	p.(Glu2006Asp)	Mild
3686	Missense	2007	A3	p.(Met2007Ile)	Mild
3688	Missense	2013	A3	p.(Gly2013Arg)	Severe
9284	Missense	2015	A3	p.(Trp2015Arg)	Severe
8888	Nonsense	2015	A3	p.(Trp2015*)	Severe
3691	Missense	2016	A3	p.(Arg2016Gly)	Moderate
3751	Missense	2016	A3	p.(Arg2016Gln)	Mild
3754	Missense	2016	A3	p.(Arg2016Leu)	Mild
3752	Missense	2016	A3	p.(Arg2016Pro)	Severe
3759	Missense	2017	A3	p.(Val2017Met)	Mild
8889	Nonsense	2018	A3	p.(Glu2018*)	Severe
8685	Missense	2019	A3	p.(Cys2019Arg)	Severe
9069	Missense	2019	A3	p.(Cys2019Gly)	Moderate
8686	Missense	2019	A3	p.(Cys2019Tyr)	Severe
8891	Nonsense	2019	A3	p.(Cys2019*)	Severe
8688	Missense	2019	A3	p.(Cys2019Trp)	Severe
10254	Missense	2023	A3 	p.(Glu2023Lys )	Mild
10255	Missense	2028	A3 	p.(Gly2028Trp )	Mild
8689	Missense	2029	A3	p.(Met2029Val)	Severe
3781	Missense	2029	A3	p.(Met2029Ile)	Mild
3803	Missense	2030	A3	p.(Ser2030Asn)	Mild
3816	Missense	2031	A3	p.(Thr2031Ile)	Mild
3819	Nonsense	2032	A3	p.(Gln2032*)	Severe
8690	Missense	2035	A3	p.(Val2035Gly)	Severe
3860	Missense	2036	A3	p.(Tyr2036Cys)	Moderate
8892	Nonsense	2039	C1	p.(Lys2039*)	Severe
3888	Nonsense	2040	C1	p.(Cys2040*)	Severe
8691	Missense	2044	C1	p.(Leu2044Pro)	Severe
3891	Missense	2045	C1	p.(Gly2045Glu)	Mild
3892	Missense	2045	C1	p.(Gly2045Val)	Severe
9877	Nonsense	2045	C1	p.(Gly2045*)	Severe
9819	Missense	2047	C1	p.(Ala2047Gly)	Severe
9287	Missense	2051	A3	p.(Ile2051Phe)	Mild
3894	Missense	2051	C1	p.(Ile2051Ser)	Severe
8693	Missense	2053	C1	p.(Asp2053Val)	Mild
8893	Nonsense	2055	C1	p.(Gln2055*)	Severe
3896	Missense	2056	C1	p.(Ile2056Asn)	Severe
10367	Missense	2060	C1	p.(Gly2063Ala)	Mild
3899	Missense	2060	C1	p.(Gly2060Val)	Mild
8894	Nonsense	2063	C1	p.(Gly2063*)	Severe
10580	Missense	2063	C1	p.(Gly2063Arg)	Severe
3904	Missense	2066	C1	p.(Ala2066Val)	Mild
3905	Missense	2067	C1	p.(Pro2067Leu)	Severe
8695	Missense	2069	C1	p.(Leu2069Pro)	Moderate
8696	Missense	2070	C1	p.(Ala2070Pro)	Severe
9820	Missense	2070	C1	p.(Ala2070Thr)	Mild
3912	Missense	2070	C1	p.(Ala2070Val)	Mild
3913	Missense	2071	C1	p.(Arg2071Ser)	Severe
9824	Missense	2072	C1	p.(Leu2072Phe)	Mild
3914	Nonsense	2076	C1	p.(Gly2076*)	Severe
3920	Nonsense	2077	C1	p.(Ser2077*)	Severe
3922	Missense	2080	C1	p.(Ala2080Thr)	Moderate
8702	Missense	2080	C1	p.(Ala2080Asp)	Severe
3924	Missense	2080	C1	p.(Ala2080Val)	Moderate
10257	Missense	2081	C1 	p.(Trp2081Arg )	Severe
3925	Missense	2081	C1	p.(Trp2081Ser)	Severe
3926	Nonsense	2081	C1	p.(Trp2081*)	Severe
3929	Missense	2081	C1	p.(Trp2081Cys)	Severe
8703	Missense	2082	C1	p.(Ser2082Gly)	Mild
3930	Missense	2082	C1	p.(Ser2082Asn)	Moderate
8704	Missense	2082	C1	p.(Ser2082Arg)	Mild
3932	Nonsense	2084	C1	p.(Lys2084*)	Severe
3933	Nonsense	2085	C1	p.(Glu2085*)	Severe
3934	Missense	2088	C1	p.(Ser2088Phe)	Severe
8705	Missense	2088	C1	p.(Ser2088Tyr)	Severe
8706	Missense	2089	C1	p.(Trp2089Arg)	Moderate
3935	Nonsense	2089	C1	p.(Trp2089*)	Severe
3938	Missense	2089	C1	p.(Trp2089Leu)	Mild
8708	Missense	2089	C1	p.(Trp2089Cys)	Mild
9826	Missense	2090	C1	p.(Ile2090Leu)	Mild
3939	Missense	2090	C1	p.(Ile2090Asn)	Moderate
10581	Missense	2090	C1	p.(Ile2090Thr)	Mild
8709	Missense	2091	C1	p.(Lys2091Thr)	Mild
3944	Missense	2092	C1	p.(Val2092Met)	Mild
8710	Missense	2092	C1	p.(Val2092Gly)	Moderate
8711	Missense	2093	C1	p.(Asp2093His)	Moderate
7653	Missense	2101	C1	p.(His2101Asp)	Mild
8712	Missense	2101	C1	p.(His2101Arg)	Mild
9288	Nonsense	2104	C1	p.(Lys2104*)	Severe
8719	Missense	2105	C1	p.(Thr2105Ala)	Mild
3962	Missense	2105	C1	p.(Thr2105Asn)	Moderate
3964	Missense	2105	C1	p.(Thr2105Ile)	Mild
5340	Nonsense	2106	C1	p.(Gln2106*)	Severe
3969	Missense	2106	C1	p.(Gln2106Glu)	Mild
3972	Missense	2106	C1	p.(Gln2106Arg)	Mild
3971	Missense	2106	C1	p.(Gln2106Pro)	Severe
8722	Missense	2107	C1	p.(Gly2107Val)	Severe
3977	Missense	2109	C1	p.(Arg2109Cys)	Mild
5341	Missense	2115	C1	p.(Leu2115Pro)	Mild
3979	Missense	2117	C1	p.(Ile2117Phe)	Moderate
3983	Missense	2118	C1	p.(Ser2118Pro)	Mild
3984	Missense	2118	C1	p.(Ser2118Phe)	Severe
3985	Nonsense	2119	C1	p.(Gln2119*)	Severe
8723	Missense	2119	C1	p.(Gln2119Glu)	Severe
3992	Missense	2120	C1	p.(Phe2120Leu)	Mild
10582	Missense	2121	C1	p.(Ile2121Asn)	Mild
9045	Missense	2125	C1	p.(Ser2125Thr)	Severe
4008	Nonsense	2129	C1	p.(Lys2129*)	Severe
4009	Nonsense	2131	C1	p.(Trp2131*)	Severe
8724	Missense	2131	C1	p.(Trp2131Cys)	Moderate
4011	Nonsense	2132	C1	p.(Gln2132*)	Severe
4044	Missense	2135	C1	p.(Arg2135Pro)	Severe
4046	Missense	2136	C1	p.(Gly2136Arg)	Severe
4047	Missense	2136	C1	p.(Gly2136Glu)	Severe
4053	Missense	2138	C1	p.(Ser2138Phe)	Mild
5344	Nonsense	2140	C1	p.(Gly2140*)	Severe
9935	Missense	2140	C1	p.(Gly2140Glu)	Severe
4054	Missense	2141	C1	p.(Thr2141Asn)	Severe
4055	Nonsense	2142	C1	p.(Leu2142*)	Severe
4068	Missense	2143	C1	p.(Met2143Ile)	Moderate
4073	Missense	2145	C1	p.(Phe2145Ser)	Mild
4082	Missense	2146	C1	p.(Phe2146Ser)	Mild
5345	Missense	2147	C1	p.(Gly2147Ser)	Mild
8727	Missense	2149	C1	p.(Val2149Gly)	Moderate
4103	Missense	2150	C1	p.(Asp2150Val)	Severe
8728	Missense	2151	C1	p.(Ser2151Leu)	Mild
4104	Missense	2152	C1	p.(Ser2152Pro)	Mild
4106	Missense	2155	C1	p.(Lys2155Glu)	Mild
4117	Missense	2161	C1	p.(Pro2161Thr)	Mild
4118	Missense	2161	C1	p.(Pro2161His)	Moderate
4122	Missense	2163	C1	p.(Ile2163Ser)	Severe
8731	Missense	2165	C1	p.(Ala2165Val)	Mild
4163	Missense	2169	C1	p.(Arg2169Cys)	Mild
8733	Missense	2169	C1	p.(Arg2169Leu)	Mild
4268	Missense	2171	C1	p.(His2171Tyr)	Mild
9970	Missense	2171	C1	p.(His2171Arg )	Moderate
4272	Missense	2172	C1	p.(Pro2172Arg)	Severe
9885	Missense	2172	C1	p.(Pro2172Leu)	Severe
4276	Missense	2173	C1	p.(Thr2173Asn)	Mild
4277	Missense	2173	C1	p.(Thr2173Ile)	Mild
4279	Missense	2174	C1	p.(His2174Tyr)	Mild
8736	Missense	2174	C1	p.(His2174Arg)	Severe
10368	Missense	2174	C1	p.(His2174Pro)	Severe
9145	Missense	2176	C1	p.(Ser2176Arg)	Mild
4362	Missense	2179	C1	p.(Ser2179Arg)	Moderate
10583	Missense	2180	C1	p.(Thr2180Asn)	Severe
4363	Missense	2181	C1	p.(Leu2181Pro)	Severe
4365	Missense	2182	C1	p.(Arg2182Gly)	Severe
4418	Missense	2183	C1	p.(Met2183Val)	Mild
4420	Missense	2183	C1	p.(Met2183Arg)	Moderate
5346	Nonsense	2184	C1	p.(Glu2184*)	Severe
9074	Missense	2184	C1	p.(Glu2184Lys)	Moderate
8739	Missense	2184	C1	p.(Glu2184Ala)	Moderate
8742	Missense	2184	C1	p.(Glu2184Gly)	Moderate
4421	Missense	2184	C1	p.(Glu2184Val)	Moderate
4423	Missense	2185	C1	p.(Leu2185Ser)	Severe
8744	Missense	2187	C1	p.(Gly2187Ser)	Moderate
8746	Missense	2187	C1	p.(Gly2187Asp)	Severe
4434	Missense	2190	C1	p.(Leu2190Val)	Mild
4446	Missense	2192	C2	p.(Ser2192Ile)	Mild
8750	Missense	2193	C2	p.(Cys2193Tyr)	Severe
9048	Missense	2195	C2	p.(Met2195Leu)	Mild
8751	Missense	2196	C2	p.(Pro2196Leu)	Mild
4453	Nonsense	2197	C2	p.(Leu2197*)	Severe
9289	Missense	2198	C2	p.(Gly2198Glu)	Severe
4456	Missense	2198	C2	p.(Gly2198Val)	Severe
4458	Missense	2200	C2	p.(Glu2200Asp)	Mild
9828	Missense	2201	C2	p.(Ser2201Ile)	Mild
4461	Missense	2204	C2	p.(Ile2204Thr)	Mild
8895	Nonsense	2205	C2	p.(Ser2205*)	Severe
4489	Nonsense	2208	C2	p.(Gln2208*)	Severe
4468	Missense	2208	C2	p.(Gln2208Glu)	Mild
4494	Missense	2208	C2	p.(Gln2208Arg)	Mild
4492	Missense	2208	C2	p.(Gln2208Pro)	Moderate
4498	Missense	2209	C2	p.(Ile2209Asn)	Moderate
4499	Missense	2211	C2	p.(Ala2211Pro)	Moderate
8752	Missense	2211	C2	p.(Ala2211Val)	Mild
8753	Missense	2212	C2	p.(Ser2212Pro)	Moderate
9290	Missense	2213	C2	p.(Ser2213Pro)	Severe
8754	Missense	2213	C2	p.(Ser2213Phe)	Severe
4501	Missense	2213	C2	p.(Ser2213Tyr)	Severe
9291	Missense	2218	C2	p.(Met2218Val)	Severe
8757	Missense	2222	C2	p.(Trp2222Arg)	Moderate
4518	Nonsense	2222	C2	p.(Trp2222*)	Severe
10584	Missense	2227	C2	p.(Ala2227Pro)	Severe
10369	Missense	2227	C2	p.(Ala2227Val)	Mild
4527	Missense	2228	C2	p.(Arg2228Gly)	Severe
8763	Missense	2228	C2	p.(Arg2228Leu)	Moderate
4613	Missense	2229	C2	p.(Leu2229Phe)	Mild
4619	Missense	2229	C2	p.(Leu2229Pro)	Mild
10585	Missense	2230	C2	p.(His2230Pro)	Severe
8764	Missense	2233	C2	p.(Gly2233Trp)	Mild
4631	Missense	2237	C2	p.(Ala2237Thr)	Mild
4632	Nonsense	2238	C2	p.(Trp2238*)	Severe
8766	Missense	2239	C2	p.(Arg2239Gly)	Moderate
8769	Missense	2240	C2	p.(Pro2240Thr)	Mild
8770	Missense	2240	C2	p.(Pro2240Arg)	Severe
4635	Nonsense	2241	C2	p.(Gln2241*)	Severe
4643	Missense	2242	C2	p.(Val2242Met)	Severe
8896	Nonsense	2246	C2	p.(Lys2246*)	Severe
9292	Missense	2247	C2	p.(Glu2247Lys)	Moderate
4648	Missense	2247	C2	p.(Glu2247Asp)	Mild
4649	Missense	2248	C2	p.(Trp2248Ser)	Moderate
4690	Missense	2249	C2	p.(Leu2249Arg)	Severe
9293	Missense	2249	C2	p.(Leu2249Pro)	Severe
4692	Nonsense	2250	C2	p.(Gln2250*)	Severe
4693	Missense	2250	C2	p.(Gln2250His)	Mild
4696	Missense	2251	C2	p.(Val2251Ala)	Mild
4694	Missense	2251	C2	p.(Val2251Glu)	Severe
9829	Missense	2253	C2	p.(Phe2253Ser)	Moderate
4698	Nonsense	2254	C2	p.(Gln2254*)	Severe
8899	Nonsense	2258	C2	p.(Lys2258*)	Severe
8780	Missense	2258	C2	p.(Lys2258Glu)	Mild
8787	Missense	2259	C2	p.(Val2259Phe)	Mild
9294	Missense	2259	C2	p.(Val2259Asp)	Severe
9295	Missense	2262	C2	p.(Val2262Ala)	Moderate
4708	Missense	2264	C2	p.(Thr2264Ala)	Mild
4709	Missense	2265	C2	p.(Gln2265Lys)	Mild
4714	Missense	2265	C2	p.(Gln2265Arg)	Moderate
10372	Missense	2265	C2	p.(Gln2265His)	Mild
4718	Missense	2266	C2	p.(Gly2266Glu)	Severe
10258	Missense	2266	C2 	p.(Gly2266Val )	Severe
4720	Missense	2272	C2	p.(Thr2272Pro)	Mild
8788	Missense	2274	C2	p.(Met2274Val)	Mild
4722	Missense	2274	C2	p.(Met2274Lys)	Mild
8789	Missense	2275	C2	p.(Tyr2275Asn)	Moderate
10259	Missense	2275	C2 	p.(Tyr2275His )	Mild
4725	Nonsense	2275	C2	p.(Tyr2275*)	Severe
4726	Missense	2276	C2	p.(Val2276Ala)	Mild
4728	Missense	2276	C2	p.(Val2276Gly)	Severe
4730	Missense	2279	C2	p.(Phe2279Ile)	Moderate
8790	Missense	2279	C2	p.(Phe2279Leu)	Mild
4732	Missense	2279	C2	p.(Phe2279Cys)	Severe
4731	Missense	2279	C2	p.(Phe2279Ser)	Severe
4733	Missense	2280	C2	p.(Leu2280Pro)	Severe
4734	Missense	2281	C2	p.(Ile2281Thr)	Severe
8792	Missense	2283	C2	p.(Ser2283Arg)	Mild
4735	Missense	2284	C2	p.(Ser2284Arg)	Mild
9886	Missense	2286	C2	p.(Asp2286Gly)	Mild
8793	Missense	2286	C2	p.(Asp2286Val)	Moderate
4737	Nonsense	2289	C2	p.(Gln2289*)	Severe
8794	Missense	2290	C2	p.(Trp2290Arg)	Moderate
4738	Missense	2290	C2	p.(Trp2290Leu)	Moderate
4739	Nonsense	2290	C2	p.(Trp2290*)	Severe
4758	Missense	2302	C2	p.(Phe2302Val)	Moderate
4759	Missense	2302	C2	p.(Phe2302Ser)	Severe
4763	Nonsense	2303	C2	p.(Gln2303*)	Severe
8960	Missense	2304	C2	p.(Gly2304Glu)	Severe
8796	Missense	2307	C2	p.(Asp2307Tyr)	Mild
5348	Missense	2310	C2	p.(Thr2310Pro)	Mild
4792	Missense	2314	C2	p.(Asn2314Tyr)	Mild
8798	Missense	2315	C2	p.(Ser2315Phe)	Mild
8799	Missense	2322	C2	p.(Thr2322Asn)	Moderate
4855	Missense	2323	C2	p.(Arg2323His)	Mild
4856	Missense	2323	C2	p.(Arg2323Leu)	Mild
9830	Missense	2324	C2	p.(Tyr2324Asn)	Mild
4859	Missense	2326	C2	p.(Arg2326Gly)	Severe
4911	Missense	2326	C2	p.(Arg2326Pro)	Severe
8805	Missense	2327	C2	p.(Ile2327Thr)	Moderate
9296	Missense	2328	C2	p.(His2328Asp)	Severe
5349	Missense	2329	C2	p.(Pro2329Ser)	Mild
4924	Missense	2329	C2	p.(Pro2329Leu)	Severe
10597	Nonsense	2330	C2	p.(Gln2330*)	Severe
4928	Missense	2330	C2	p.(Gln2330Pro)	Severe
9941	Missense	2332	C2	p.(Trp2332Gly)	Mild
4935	Missense	2332	C2	p.(Trp2332Ser)	Moderate
8806	Missense	2332	C2	p.(Trp2332Cys)	Mild
8807	Missense	2334	C2	p.(His2334Pro)	Mild
10113	Nonsense	2335	C2	p.(Gln2335*)	Severe
9887	Missense	2336	C2	p.(Ile2336Phe)	Moderate
4941	Missense	2339	C2	p.(Arg2339Trp)	Severe
4945	Missense	2339	C2	p.(Arg2339Met)	Moderate
4943	Missense	2339	C2	p.(Arg2339Thr)	Moderate
4946	Missense	2339	C2	p.(Arg2339Ser)	Mild
4951	Nonsense	2341	C2	p.(Glu2341*)	Severe
4952	Missense	2343	C2	p.(Leu2343Pro)	Mild
4956	Missense	2344	C2	p.(Gly2344Cys)	Moderate
4953	Missense	2344	C2	p.(Gly2344Ser)	Severe
4958	Missense	2344	C2	p.(Gly2344Ala)	Mild
4957	Missense	2344	C2	p.(Gly2344Asp)	Severe
8808	Missense	2345	C2	p.(Cys2345Arg)	Severe
8809	Missense	2345	C2	p.(Cys2345Phe)	Severe
4960	Missense	2345	C2	p.(Cys2345Ser)	Severe
4959	Missense	2345	C2	p.(Cys2345Tyr)	Severe
9836	Nonsense	2345	C2	p.(Cys2345*)	Severe
